variable_name,source_document,occurrences
[capital_social],Autorisation de domiciliation - transforme.docx,1
[civilite],Autorisation de domiciliation - transforme.docx,2
[cp_siege],Autorisation de domiciliation - transforme.docx,1
[date_signature],Autorisation de domiciliation - transforme.docx,1
[denomination_societe],Autorisation de domiciliation - transforme.docx,1
[lieu_signature],Autorisation de domiciliation - transforme.docx,1
[nom],Autorisation de domiciliation - transforme.docx,2
[prenom],Autorisation de domiciliation - transforme.docx,2
[ville_siege],Autorisation de domiciliation - transforme.docx,2
[civilite],Declaration sur l_honneur de non condamnation - transforme.docx,1
[cp_perso],Declaration sur l_honneur de non condamnation - transforme.docx,1
[date_naissance],Declaration sur l_honneur de non condamnation - transforme.docx,1
[date_signature],Declaration sur l_honneur de non condamnation - transforme.docx,1
[lieu_signature],Declaration sur l_honneur de non condamnation - transforme.docx,1
[nationalite],Declaration sur l_honneur de non condamnation - transforme.docx,1
[nom],Declaration sur l_honneur de non condamnation - transforme.docx,1
[nom_mere],Declaration sur l_honneur de non condamnation - transforme.docx,1
[nom_pere],Declaration sur l_honneur de non condamnation - transforme.docx,1
[num_voie_perso],Declaration sur l_honneur de non condamnation - transforme.docx,1
[prenom],Declaration sur l_honneur de non condamnation - transforme.docx,1
[signature],Declaration sur l_honneur de non condamnation - transforme.docx,1
[ville_perso],Declaration sur l_honneur de non condamnation - transforme.docx,1
[voie_perso],Declaration sur l_honneur de non condamnation - transforme.docx,1
[civilite],Liste des souscripteurs - transforme.docx,1
[date_signature],Liste des souscripteurs - transforme.docx,1
[denomination_societe],Liste des souscripteurs - transforme.docx,1
[forme_sociale],Liste des souscripteurs - transforme.docx,1
[lieu_signature],Liste des souscripteurs - transforme.docx,1
[montant_sous],Liste des souscripteurs - transforme.docx,2
[nb_actions],Liste des souscripteurs - transforme.docx,2
[nom],Liste des souscripteurs - transforme.docx,2
[prenom],Liste des souscripteurs - transforme.docx,2
[civilite],Procuration - transforme.docx,1
[cp_perso],Procuration - transforme.docx,1
[cp_siege],Procuration - transforme.docx,1
[date_signature],Procuration - transforme.docx,1
[denomination_societe],Procuration - transforme.docx,1
[fonction_dirigeant],Procuration - transforme.docx,1
[forme_sociale],Procuration - transforme.docx,1
[lieu_signature],Procuration - transforme.docx,1
[nom],Procuration - transforme.docx,2
[num_voie_perso],Procuration - transforme.docx,1
[num_voie_siege],Procuration - transforme.docx,1
[prenom],Procuration - transforme.docx,2
[ville_perso],Procuration - transforme.docx,1
[ville_siege],Procuration - transforme.docx,1
[voie_perso],Procuration - transforme.docx,1
[voie_siege],Procuration - transforme.docx,1
[capital_social],PV remuneration president - transforme.docx,1
[civilite],PV remuneration president - transforme.docx,2
[cp_perso],PV remuneration president - transforme.docx,1
[cp_siege],PV remuneration president - transforme.docx,1
[date_cloture_exercice_1],PV remuneration president - transforme.docx,1
[date_signature],PV remuneration president - transforme.docx,1
[denomination_societe],PV remuneration president - transforme.docx,1
[fonction_dirigeant],PV remuneration president - transforme.docx,3
[forme_sociale],PV remuneration president - transforme.docx,3
[lieu_signature],PV remuneration president - transforme.docx,1
[nom],PV remuneration president - transforme.docx,3
[num_voie_perso],PV remuneration president - transforme.docx,1
[num_voie_siege],PV remuneration president - transforme.docx,1
[prenom],PV remuneration president - transforme.docx,3
[qualite_associe],PV remuneration president - transforme.docx,2
[ville_perso],PV remuneration president - transforme.docx,1
[ville_rcs],PV remuneration president - transforme.docx,1
[ville_siege],PV remuneration president - transforme.docx,1
[voie_perso],PV remuneration president - transforme.docx,1
[voie_siege],PV remuneration president - transforme.docx,1
[capital_lettres],statuts SASU Holding - transforme.docx,1
[capital_social],statuts SASU Holding - transforme.docx,5
[civilite],statuts SASU Holding - transforme.docx,4
[cp_perso],statuts SASU Holding - transforme.docx,2
[cp_siege],statuts SASU Holding - transforme.docx,2
[date_cloture_exercice_1],statuts SASU Holding - transforme.docx,1
[date_naissance],statuts SASU Holding - transforme.docx,2
[date_signature],statuts SASU Holding - transforme.docx,1
[debut_exercice],statuts SASU Holding - transforme.docx,1
[denomination_societe],statuts SASU Holding - transforme.docx,2
[fin_exercice],statuts SASU Holding - transforme.docx,1
[fonction_dirigeant],statuts SASU Holding - transforme.docx,1
[forme_sociale],statuts SASU Holding - transforme.docx,1
[lieu_signature],statuts SASU Holding - transforme.docx,1
[nationalite],statuts SASU Holding - transforme.docx,1
[nb_actions],statuts SASU Holding - transforme.docx,5
[nom],statuts SASU Holding - transforme.docx,5
[nom_banque],statuts SASU Holding - transforme.docx,2
[num_voie_perso],statuts SASU Holding - transforme.docx,1
[num_voie_siege],statuts SASU Holding - transforme.docx,2
[prenom],statuts SASU Holding - transforme.docx,4
[qualite_associe],statuts SASU Holding - transforme.docx,1
[ville_naissance],statuts SASU Holding - transforme.docx,2
[ville_perso],statuts SASU Holding - transforme.docx,3
[ville_siege],statuts SASU Holding - transforme.docx,2
[voie_perso],statuts SASU Holding - transforme.docx,3
[voie_siege],statuts SASU Holding - transforme.docx,2
