variable_name,source_documents
[adresse_banque],Fiche de création de Société Civile - transforme.docx | Modèle Statuts SCP - transforme.docx
[adresse_personne_1],Fiche de création de Société Civile - transforme.docx | Modèle Statuts SCP - transforme.docx
[adresse_personne_2],Fiche de création de Société Civile - transforme.docx | Modèle Statuts SCP - transforme.docx | PV nomination gérant - transforme.doc
[adresse_personne_3],Fiche de création de Société Civile - transforme.docx
[adresse_personne_4],Fiche de création de Société Civile - transforme.docx
[adresse_personne_5],Fiche de création de Société Civile - transforme.docx
[apport_lettres_personne_1],Modèle Statuts SCP - transforme.docx
[apport_lettres_personne_2],Modèle Statuts SCP - transforme.docx
[apport_personne_1],Modèle Statuts SCP - transforme.docx
[apport_personne_2],Modèle Statuts SCP - transforme.docx
[capital_social],Autorisation de domiciliation - transforme.docx | Fiche de création de Société Civile - transforme.docx | Modèle Statuts SCP - transforme.docx | PV nomination gérant - transforme.doc
[civilite],Autorisation de domiciliation - transforme.docx | Déclaration sur l_honneur de non condamnation - transforme.docx
[civilite_personne_1],Modèle Statuts SCP - transforme.docx | PV nomination gérant - transforme.doc
[civilite_personne_2],Modèle Statuts SCP - transforme.docx | procuration - transforme.docx | PV nomination gérant - transforme.doc
[cp_bien],PV nomination gérant - transforme.doc
[cp_perso],Déclaration sur l_honneur de non condamnation - transforme.docx | procuration - transforme.docx
[cp_siege],Autorisation de domiciliation - transforme.docx | Fiche de création de Société Civile - transforme.docx | Modèle Statuts SCP - transforme.docx | procuration - transforme.docx | PV nomination gérant - transforme.doc
[date_cloture_exercice],Fiche de création de Société Civile - transforme.docx
[date_cloture_exercice_1],Fiche de création de Société Civile - transforme.docx
[date_naissance],Déclaration sur l_honneur de non condamnation - transforme.docx
[date_naissance_personne_1],Fiche de création de Société Civile - transforme.docx | Modèle Statuts SCP - transforme.docx
[date_naissance_personne_2],Fiche de création de Société Civile - transforme.docx | Modèle Statuts SCP - transforme.docx | PV nomination gérant - transforme.doc
[date_naissance_personne_3],Fiche de création de Société Civile - transforme.docx
[date_naissance_personne_4],Fiche de création de Société Civile - transforme.docx
[date_naissance_personne_5],Fiche de création de Société Civile - transforme.docx
[date_pv],PV nomination gérant - transforme.doc
[date_reunion_lettres],PV nomination gérant - transforme.doc
[date_signature],Autorisation de domiciliation - transforme.docx | Déclaration sur l_honneur de non condamnation - transforme.docx | Modèle Statuts SCP - transforme.docx | procuration - transforme.docx
[debut_exercice],Modèle Statuts SCP - transforme.docx
[denomination_societe],Autorisation de domiciliation - transforme.docx | Fiche de création de Société Civile - transforme.docx | Modèle Statuts SCP - transforme.docx | procuration - transforme.docx | PV nomination gérant - transforme.doc
[departement_naissance_personne_2],PV nomination gérant - transforme.doc
[duree_societe],Modèle Statuts SCP - transforme.docx
[email_personne_1],Fiche de création de Société Civile - transforme.docx
[email_personne_2],Fiche de création de Société Civile - transforme.docx
[email_personne_3],Fiche de création de Société Civile - transforme.docx
[email_personne_4],Fiche de création de Société Civile - transforme.docx
[email_personne_5],Fiche de création de Société Civile - transforme.docx
[fin_exercice],Modèle Statuts SCP - transforme.docx
[fonction_dirigeant],procuration - transforme.docx
[forme_sociale],Fiche de création de Société Civile - transforme.docx | Modèle Statuts SCP - transforme.docx | PV nomination gérant - transforme.doc
[heure_reunion],PV nomination gérant - transforme.doc
[lieu_signature],Autorisation de domiciliation - transforme.docx | Déclaration sur l_honneur de non condamnation - transforme.docx | Modèle Statuts SCP - transforme.docx | procuration - transforme.docx | PV nomination gérant - transforme.doc
[montant_emprunt],PV nomination gérant - transforme.doc
[nationalite],Déclaration sur l_honneur de non condamnation - transforme.docx
[nationalite_personne_1],Fiche de création de Société Civile - transforme.docx | Modèle Statuts SCP - transforme.docx
[nationalite_personne_2],Fiche de création de Société Civile - transforme.docx | Modèle Statuts SCP - transforme.docx | PV nomination gérant - transforme.doc
[nationalite_personne_3],Fiche de création de Société Civile - transforme.docx
[nationalite_personne_4],Fiche de création de Société Civile - transforme.docx
[nationalite_personne_5],Fiche de création de Société Civile - transforme.docx
[nb_parts_lettres_personne_1],Modèle Statuts SCP - transforme.docx
[nb_parts_lettres_personne_2],Modèle Statuts SCP - transforme.docx
[nb_parts_personne_1],Modèle Statuts SCP - transforme.docx | PV nomination gérant - transforme.doc
[nb_parts_personne_2],Modèle Statuts SCP - transforme.docx | PV nomination gérant - transforme.doc
[nb_parts_total],Modèle Statuts SCP - transforme.docx | PV nomination gérant - transforme.doc
[nom],Autorisation de domiciliation - transforme.docx | Déclaration sur l_honneur de non condamnation - transforme.docx
[nom_banque],Fiche de création de Société Civile - transforme.docx | Modèle Statuts SCP - transforme.docx
[nom_gerant_1],Fiche de création de Société Civile - transforme.docx
[nom_gerant_2],Fiche de création de Société Civile - transforme.docx
[nom_mere],Déclaration sur l_honneur de non condamnation - transforme.docx
[nom_mere_personne_1],Fiche de création de Société Civile - transforme.docx
[nom_mere_personne_2],Fiche de création de Société Civile - transforme.docx
[nom_mere_personne_3],Fiche de création de Société Civile - transforme.docx
[nom_mere_personne_4],Fiche de création de Société Civile - transforme.docx
[nom_mere_personne_5],Fiche de création de Société Civile - transforme.docx
[nom_naissance_personne_1],Modèle Statuts SCP - transforme.docx
[nom_pere],Déclaration sur l_honneur de non condamnation - transforme.docx
[nom_pere_personne_1],Fiche de création de Société Civile - transforme.docx
[nom_pere_personne_2],Fiche de création de Société Civile - transforme.docx
[nom_pere_personne_3],Fiche de création de Société Civile - transforme.docx
[nom_pere_personne_4],Fiche de création de Société Civile - transforme.docx
[nom_pere_personne_5],Fiche de création de Société Civile - transforme.docx
[nom_personne_1],Fiche de création de Société Civile - transforme.docx | Modèle Statuts SCP - transforme.docx | PV nomination gérant - transforme.doc
[nom_personne_2],Fiche de création de Société Civile - transforme.docx | Modèle Statuts SCP - transforme.docx | procuration - transforme.docx | PV nomination gérant - transforme.doc
[nom_personne_3],Fiche de création de Société Civile - transforme.docx
[nom_personne_4],Fiche de création de Société Civile - transforme.docx
[nom_personne_5],Fiche de création de Société Civile - transforme.docx
[nom_signataire_1],Modèle Statuts SCP - transforme.docx
[num_voie_bien],PV nomination gérant - transforme.doc
[num_voie_perso],Déclaration sur l_honneur de non condamnation - transforme.docx | procuration - transforme.docx
[num_voie_siege],Autorisation de domiciliation - transforme.docx | Fiche de création de Société Civile - transforme.docx | Modèle Statuts SCP - transforme.docx | procuration - transforme.docx | PV nomination gérant - transforme.doc
[numero_part_debut_personne_1],Modèle Statuts SCP - transforme.docx
[numero_part_debut_personne_2],Modèle Statuts SCP - transforme.docx
[numero_part_fin_personne_1],Modèle Statuts SCP - transforme.docx
[numero_part_fin_personne_2],Modèle Statuts SCP - transforme.docx
[parts_personne_1],Fiche de création de Société Civile - transforme.docx
[parts_personne_2],Fiche de création de Société Civile - transforme.docx
[parts_personne_3],Fiche de création de Société Civile - transforme.docx
[parts_personne_4],Fiche de création de Société Civile - transforme.docx
[parts_personne_5],Fiche de création de Société Civile - transforme.docx
[pays_naissance_personne_1],Modèle Statuts SCP - transforme.docx
[prenom],Autorisation de domiciliation - transforme.docx | Déclaration sur l_honneur de non condamnation - transforme.docx
[prenom_gerant_1],Fiche de création de Société Civile - transforme.docx
[prenom_gerant_2],Fiche de création de Société Civile - transforme.docx
[prenom_personne_1],Fiche de création de Société Civile - transforme.docx | Modèle Statuts SCP - transforme.docx | PV nomination gérant - transforme.doc
[prenom_personne_2],Fiche de création de Société Civile - transforme.docx | Modèle Statuts SCP - transforme.docx | procuration - transforme.docx | PV nomination gérant - transforme.doc
[prenom_personne_3],Fiche de création de Société Civile - transforme.docx
[prenom_personne_4],Fiche de création de Société Civile - transforme.docx
[prenom_personne_5],Fiche de création de Société Civile - transforme.docx
[prenom_signataire_1],Modèle Statuts SCP - transforme.docx
[repartition_capital],Fiche de création de Société Civile - transforme.docx
[situation_maritale_personne_1],Fiche de création de Société Civile - transforme.docx | Modèle Statuts SCP - transforme.docx
[situation_maritale_personne_2],Fiche de création de Société Civile - transforme.docx | Modèle Statuts SCP - transforme.docx
[situation_maritale_personne_3],Fiche de création de Société Civile - transforme.docx
[situation_maritale_personne_4],Fiche de création de Société Civile - transforme.docx
[situation_maritale_personne_5],Fiche de création de Société Civile - transforme.docx
[statut_residence_personne_1],Fiche de création de Société Civile - transforme.docx
[telephone_personne_1],Fiche de création de Société Civile - transforme.docx
[telephone_personne_2],Fiche de création de Société Civile - transforme.docx
[telephone_personne_3],Fiche de création de Société Civile - transforme.docx
[telephone_personne_4],Fiche de création de Société Civile - transforme.docx
[telephone_personne_5],Fiche de création de Société Civile - transforme.docx
[valeur_nominale_part],Modèle Statuts SCP - transforme.docx | PV nomination gérant - transforme.doc
[ville_bien],PV nomination gérant - transforme.doc
[ville_naissance_personne_1],Fiche de création de Société Civile - transforme.docx | Modèle Statuts SCP - transforme.docx
[ville_naissance_personne_2],Fiche de création de Société Civile - transforme.docx | Modèle Statuts SCP - transforme.docx | PV nomination gérant - transforme.doc
[ville_naissance_personne_3],Fiche de création de Société Civile - transforme.docx
[ville_naissance_personne_4],Fiche de création de Société Civile - transforme.docx
[ville_naissance_personne_5],Fiche de création de Société Civile - transforme.docx
[ville_perso],Déclaration sur l_honneur de non condamnation - transforme.docx | procuration - transforme.docx
[ville_rcs],PV nomination gérant - transforme.doc
[ville_siege],Autorisation de domiciliation - transforme.docx | Fiche de création de Société Civile - transforme.docx | Modèle Statuts SCP - transforme.docx | procuration - transforme.docx | PV nomination gérant - transforme.doc
[voie_bien],PV nomination gérant - transforme.doc
[voie_perso],Déclaration sur l_honneur de non condamnation - transforme.docx | procuration - transforme.docx
[voie_siege],Autorisation de domiciliation - transforme.docx | Fiche de création de Société Civile - transforme.docx | Modèle Statuts SCP - transforme.docx | procuration - transforme.docx | PV nomination gérant - transforme.doc
